{"cameraMode":{"drawMode":0,"name":"Shaded","section":"Shading Mode"},"sceneLighting":true,"audioPlay":false,"sceneViewState":{"m_AlwaysRefresh":false,"showFog":true,"showSkybox":true,"showFlares":true,"showImageEffects":true,"showParticleSystems":true,"showVisualEffectGraphs":true,"m_FxEnabled":true},"in2DMode":false,"pivot":{"x":6.096752643585205,"y":-13.54283618927002,"z":35.837059020996097},"rotation":{"x":0.15921612083911897,"y":0.08517565578222275,"z":-0.013841627165675164,"w":0.9835016131401062},"size":24.30745506286621,"orthographic":false}