{"cameraMode":{"drawMode":0,"name":"Shaded","section":"Shading Mode"},"sceneLighting":true,"audioPlay":false,"sceneViewState":{"m_AlwaysRefresh":false,"showFog":true,"showSkybox":true,"showFlares":true,"showImageEffects":true,"showParticleSystems":true,"showVisualEffectGraphs":true,"m_FxEnabled":true},"in2DMode":false,"pivot":{"x":4.176130771636963,"y":-5.968250274658203,"z":6.953761577606201},"rotation":{"x":0.30203574895858767,"y":0.19215551018714906,"z":-0.06229105964303017,"w":0.9316558241844177},"size":7.9435906410217289,"orthographic":false}