{"cameraMode":{"drawMode":0,"name":"Shaded","section":"Shading Mode"},"sceneLighting":true,"audioPlay":false,"sceneViewState":{"m_AlwaysRefresh":false,"showFog":true,"showSkybox":true,"showFlares":true,"showImageEffects":true,"showParticleSystems":true,"showVisualEffectGraphs":true,"m_FxEnabled":true},"in2DMode":false,"pivot":{"x":3.3623619079589845,"y":3.5497429370880129,"z":-5.438551902770996},"rotation":{"x":0.16648754477500916,"y":0.09245139360427857,"z":-0.015654299408197404,"w":0.9816427230834961},"size":0.9336122274398804,"orthographic":false}