{"cameraMode":{"drawMode":0,"name":"Shaded","section":"Shading Mode"},"sceneLighting":false,"audioPlay":false,"sceneViewState":{"m_AlwaysRefresh":false,"showFog":true,"showSkybox":false,"showFlares":true,"showImageEffects":true,"showParticleSystems":true,"showVisualEffectGraphs":true,"m_FxEnabled":true},"in2DMode":false,"pivot":{"x":7.415488243103027,"y":0.7065736651420593,"z":4.191505432128906},"rotation":{"x":0.12385288625955582,"y":-0.22769828140735627,"z":0.02891504019498825,"w":0.9656153321266174},"size":0.8660283088684082,"orthographic":false}